userName,profileImageUrl,friendsCount,reviewsCount,eliteStatus
Frederique Marquardt,https://s3.amazonaws.com/uifaces/faces/twitter/amanruzaini/128.jpg,712,224,true
Miss Kayden Upton,https://s3.amazonaws.com/uifaces/faces/twitter/ashernatali/128.jpg,264,197,true
Angelita Conn,https://s3.amazonaws.com/uifaces/faces/twitter/perfectflow/128.jpg,34,484,false
Pablo Homenick,https://s3.amazonaws.com/uifaces/faces/twitter/tur8le/128.jpg,703,470,true
Jacinto Kutch,https://s3.amazonaws.com/uifaces/faces/twitter/isacosta/128.jpg,196,396,true
Mr. Joaquin Bode,https://s3.amazonaws.com/uifaces/faces/twitter/stefanozoffoli/128.jpg,178,307,true
Juana Heaney,https://s3.amazonaws.com/uifaces/faces/twitter/nvkznemo/128.jpg,36,460,true
Paolo Gutmann,https://s3.amazonaws.com/uifaces/faces/twitter/mylesb/128.jpg,296,497,false
Dr. Kevon Nikolaus,https://s3.amazonaws.com/uifaces/faces/twitter/thehacker/128.jpg,769,32,false
Mr. Shyann Hirthe,https://s3.amazonaws.com/uifaces/faces/twitter/muridrahhal/128.jpg,67,120,false
Ibrahim Bechtelar DVM,https://s3.amazonaws.com/uifaces/faces/twitter/byrnecore/128.jpg,441,376,false
Hassan Thompson,https://s3.amazonaws.com/uifaces/faces/twitter/surgeonist/128.jpg,842,26,true
Adrain Medhurst,https://s3.amazonaws.com/uifaces/faces/twitter/tweetubhai/128.jpg,902,229,true
Kiel Pfeffer I,https://s3.amazonaws.com/uifaces/faces/twitter/thomasschrijer/128.jpg,740,253,false
Winifred Kshlerin,https://s3.amazonaws.com/uifaces/faces/twitter/croakx/128.jpg,788,391,true
Cornell Rolfson,https://s3.amazonaws.com/uifaces/faces/twitter/alessandroribe/128.jpg,281,12,true
Gordon Hartmann,https://s3.amazonaws.com/uifaces/faces/twitter/xtopherpaul/128.jpg,204,48,false
Allison Morar,https://s3.amazonaws.com/uifaces/faces/twitter/matkins/128.jpg,229,110,true
Lourdes Kilback,https://s3.amazonaws.com/uifaces/faces/twitter/chaabane_wail/128.jpg,914,358,false
Morgan Jacobi,https://s3.amazonaws.com/uifaces/faces/twitter/ramanathan_pdy/128.jpg,779,25,false
Tony Robel,https://s3.amazonaws.com/uifaces/faces/twitter/_vojto/128.jpg,770,370,false
Dr. Trever Reilly,https://s3.amazonaws.com/uifaces/faces/twitter/eduardostuart/128.jpg,100,52,false
Dillan Windler IV,https://s3.amazonaws.com/uifaces/faces/twitter/nerrsoft/128.jpg,121,96,false
Roselyn Wolf,https://s3.amazonaws.com/uifaces/faces/twitter/michigangraham/128.jpg,679,172,false
Justyn Connelly,https://s3.amazonaws.com/uifaces/faces/twitter/samgrover/128.jpg,373,356,false
Wayne Abshire,https://s3.amazonaws.com/uifaces/faces/twitter/alagoon/128.jpg,935,380,false
Shany Howell,https://s3.amazonaws.com/uifaces/faces/twitter/melvindidit/128.jpg,529,119,false
Catherine Nicolas,https://s3.amazonaws.com/uifaces/faces/twitter/_shahedk/128.jpg,200,113,true
Missouri Hessel,https://s3.amazonaws.com/uifaces/faces/twitter/swooshycueb/128.jpg,694,3,false
Marjolaine Hauck,https://s3.amazonaws.com/uifaces/faces/twitter/joe_black/128.jpg,182,235,false
Mrs. Cecil Jacobi,https://s3.amazonaws.com/uifaces/faces/twitter/canapud/128.jpg,24,220,true
Mr. Yasmine Metz,https://s3.amazonaws.com/uifaces/faces/twitter/agustincruiz/128.jpg,471,36,false
Finn Veum,https://s3.amazonaws.com/uifaces/faces/twitter/enricocicconi/128.jpg,534,318,false
Mrs. Adriel Torp,https://s3.amazonaws.com/uifaces/faces/twitter/badlittleduck/128.jpg,962,365,true
Jerrell Prosacco,https://s3.amazonaws.com/uifaces/faces/twitter/superoutman/128.jpg,87,456,false
Aubrey Jerde,https://s3.amazonaws.com/uifaces/faces/twitter/jeremymouton/128.jpg,190,418,true
Enrico Rodriguez,https://s3.amazonaws.com/uifaces/faces/twitter/m_kalibry/128.jpg,317,191,false
Eloy Fadel,https://s3.amazonaws.com/uifaces/faces/twitter/heyimjuani/128.jpg,292,389,true
Leon Crist,https://s3.amazonaws.com/uifaces/faces/twitter/vanchesz/128.jpg,482,446,false
Emiliano Kertzmann,https://s3.amazonaws.com/uifaces/faces/twitter/salimianoff/128.jpg,462,77,true
Hunter Feest,https://s3.amazonaws.com/uifaces/faces/twitter/derekebradley/128.jpg,530,470,false
Miss Talia Haley,https://s3.amazonaws.com/uifaces/faces/twitter/_victa/128.jpg,596,80,true
Khalid Emard,https://s3.amazonaws.com/uifaces/faces/twitter/robinclediere/128.jpg,480,26,true
Estevan Gaylord,https://s3.amazonaws.com/uifaces/faces/twitter/richardgarretts/128.jpg,635,50,true
Tania Halvorson Sr.,https://s3.amazonaws.com/uifaces/faces/twitter/aleksitappura/128.jpg,680,384,true
Dino Wehner,https://s3.amazonaws.com/uifaces/faces/twitter/okandungel/128.jpg,313,387,false
Demond Thiel,https://s3.amazonaws.com/uifaces/faces/twitter/aleinadsays/128.jpg,912,3,true
Karolann Lang,https://s3.amazonaws.com/uifaces/faces/twitter/ChrisFarina78/128.jpg,439,60,false
Rashawn Cole,https://s3.amazonaws.com/uifaces/faces/twitter/pixage/128.jpg,120,24,false
Dorothea Mayer,https://s3.amazonaws.com/uifaces/faces/twitter/bermonpainter/128.jpg,675,311,true
